{
    "limit": 1,
    "owner":{},
    "admin":{},
    "addadmin":false,
    "delladmin":false,
    "staff":{},
    "addstaff":false,
    "dellstaff":false,
    "bots":{},
    "addbots":false,
    "dellbots":false,
    "blacklist":{},
    "wblacklist":false,
    "dblacklist":false,
    "Talkblacklist":{},
    "Talkwblacklist":false,
    "Talkdblacklist":false,
    "talkban":true,
    "contact":false,
    "autoJoin":true,
    "autoAdd":true,
    "autoLeave":false,
    "autoLeave1":false,
    "detectMention":true,
    "Mentiongift":false,
    "Mentionkick":false,
    "welcomeOn":false,
    "sticker":false,
    "selfbot":true,
    "unsend":true,
    "mention":"Hayoo ngintip -_-",
    "Respontag":"Kalau Kangen PC aja... tag mulu -_-",
    "welcome":"Selamat datang & semoga Betah",
    "leave":"Good Bye, See You Next Time 😃",
    "comment":"Like like & like by【TEAM TERMUX】",
    "message":"【TEAM TERMUX】:\nList opsi\n🤖 Pasangan Hidup :\n🔰 Only Status ⏩ 180K/Bulan\n\n🤖 Systim Contract :\n🔰 Only Curhat ⏩ 100K/Bulan\n🔰 Zona Friend + TTM\n🔰 Zona Nyaman + Full Care + On 5day + 2 day free ⏩ 300K/Bulan\n\n✍️ Bisa Requests Mau Berapa Lama Durasi Buat Debay.\nChat Ke : http://line.me/ti/p/~zul.1.01\n\n📃\n* Always on 24 Jam\n* Keuntungan Banyak\n* Durasi min 0.25month\n* max no limit",
}
